{
    "Cashew healthy": {
        "precision": 0.8306451612903226,
        "recall": 0.9279279279279279,
        "f1-score": 0.8765957446808511,
        "support": 111.0
    },
    "Cashew leaf miner": {
        "precision": 0.9326923076923077,
        "recall": 0.8151260504201681,
        "f1-score": 0.8699551569506726,
        "support": 119.0
    },
    "Cashew red rust": {
        "precision": 0.9576271186440678,
        "recall": 0.9741379310344828,
        "f1-score": 0.9658119658119658,
        "support": 116.0
    },
    "Fungi": {
        "precision": 0.7064220183486238,
        "recall": 0.9058823529411765,
        "f1-score": 0.7938144329896907,
        "support": 85.0
    },
    "Healthy": {
        "precision": 0.631578947368421,
        "recall": 0.7741935483870968,
        "f1-score": 0.6956521739130435,
        "support": 31.0
    },
    "Maize healthy": {
        "precision": 0.9024390243902439,
        "recall": 0.925,
        "f1-score": 0.9135802469135802,
        "support": 40.0
    },
    "Maize leaf blight": {
        "precision": 0.875,
        "recall": 0.7938144329896907,
        "f1-score": 0.8324324324324325,
        "support": 97.0
    },
    "Maize streak virus": {
        "precision": 0.8181818181818182,
        "recall": 0.8059701492537313,
        "f1-score": 0.8120300751879699,
        "support": 67.0
    },
    "Nematode": {
        "precision": 0.4090909090909091,
        "recall": 0.8181818181818182,
        "f1-score": 0.5454545454545454,
        "support": 11.0
    },
    "Tomato healthy": {
        "precision": 0.9035087719298246,
        "recall": 0.8879310344827587,
        "f1-score": 0.8956521739130435,
        "support": 116.0
    },
    "Tomato septoria leaf spot": {
        "precision": 0.7333333333333333,
        "recall": 0.07692307692307693,
        "f1-score": 0.13924050632911392,
        "support": 143.0
    },
    "Tomato verticulium wilt": {
        "precision": 0.5345622119815668,
        "recall": 0.9747899159663865,
        "f1-score": 0.6904761904761905,
        "support": 119.0
    },
    "bacterial_leaf_blight": {
        "precision": 1.0,
        "recall": 1.0,
        "f1-score": 1.0,
        "support": 9.0
    },
    "brown_spot": {
        "precision": 0.5957446808510638,
        "recall": 0.8235294117647058,
        "f1-score": 0.691358024691358,
        "support": 68.0
    },
    "leaf_blast": {
        "precision": 0.6101694915254238,
        "recall": 0.4864864864864865,
        "f1-score": 0.5413533834586466,
        "support": 74.0
    },
    "rice_healthy": {
        "precision": 0.9076923076923077,
        "recall": 0.7662337662337663,
        "f1-score": 0.8309859154929577,
        "support": 77.0
    },
    "accuracy": 0.764614185502728,
    "macro avg": {
        "precision": 0.7717930063950146,
        "recall": 0.7972579939370796,
        "f1-score": 0.7558995605435038,
        "support": 1283.0
    },
    "weighted avg": {
        "precision": 0.7888031027299782,
        "recall": 0.764614185502728,
        "f1-score": 0.7370442067185945,
        "support": 1283.0
    }
}