{
    "Cashew__Healthy": {
        "precision": 0.981651376146789,
        "recall": 0.981651376146789,
        "f1-score": 0.981651376146789,
        "support": 109.0
    },
    "Cashew__Leaf_miner": {
        "precision": 0.9921259842519685,
        "recall": 0.9921259842519685,
        "f1-score": 0.9921259842519685,
        "support": 127.0
    },
    "Cashew__Red_rust": {
        "precision": 1.0,
        "recall": 1.0,
        "f1-score": 1.0,
        "support": 130.0
    },
    "Corn__Maize_healthy": {
        "precision": 1.0,
        "recall": 0.9811320754716981,
        "f1-score": 0.9904761904761905,
        "support": 106.0
    },
    "Corn__Maize_leaf_blight": {
        "precision": 0.9634146341463414,
        "recall": 0.9875,
        "f1-score": 0.9753086419753086,
        "support": 80.0
    },
    "Corn__Maize_streak_virus": {
        "precision": 0.9787234042553191,
        "recall": 0.9787234042553191,
        "f1-score": 0.9787234042553191,
        "support": 94.0
    },
    "Potato__Fungi": {
        "precision": 0.9852941176470589,
        "recall": 0.9571428571428572,
        "f1-score": 0.9710144927536232,
        "support": 70.0
    },
    "Potato__Healthy": {
        "precision": 0.974025974025974,
        "recall": 0.9868421052631579,
        "f1-score": 0.9803921568627451,
        "support": 76.0
    },
    "Potato__Nematode": {
        "precision": 0.9847328244274809,
        "recall": 1.0,
        "f1-score": 0.9923076923076923,
        "support": 129.0
    },
    "Rice__Bacterial_leaf_blight": {
        "precision": 1.0,
        "recall": 1.0,
        "f1-score": 1.0,
        "support": 73.0
    },
    "Rice__Brown_spot": {
        "precision": 0.9139784946236559,
        "recall": 0.9444444444444444,
        "f1-score": 0.9289617486338798,
        "support": 90.0
    },
    "Rice__Healthy": {
        "precision": 1.0,
        "recall": 1.0,
        "f1-score": 1.0,
        "support": 88.0
    },
    "Rice__Leaf_blast": {
        "precision": 0.9340659340659341,
        "recall": 0.9139784946236559,
        "f1-score": 0.9239130434782609,
        "support": 93.0
    },
    "Tomato__Healthy": {
        "precision": 0.9894736842105263,
        "recall": 0.9791666666666666,
        "f1-score": 0.9842931937172775,
        "support": 96.0
    },
    "Tomato__Septoria_leaf_spot": {
        "precision": 0.9230769230769231,
        "recall": 0.88,
        "f1-score": 0.9010238907849829,
        "support": 150.0
    },
    "Tomato__Verticulium_wilt": {
        "precision": 0.8731343283582089,
        "recall": 0.9140625,
        "f1-score": 0.8931297709923665,
        "support": 128.0
    },
    "accuracy": 0.9658328248932275,
    "macro avg": {
        "precision": 0.9683561049522612,
        "recall": 0.9685481192666597,
        "f1-score": 0.9683325991647753,
        "support": 1639.0
    },
    "weighted avg": {
        "precision": 0.9661004697400738,
        "recall": 0.9658328248932275,
        "f1-score": 0.9658331236074874,
        "support": 1639.0
    }
}