{
    "Cashew": {
        "precision": 1.0,
        "recall": 0.9818181818181818,
        "f1-score": 0.9908256880733946,
        "support": 330.0
    },
    "Corn": {
        "precision": 0.9741379310344828,
        "recall": 0.9868995633187773,
        "f1-score": 0.9804772234273319,
        "support": 229.0
    },
    "Potato": {
        "precision": 0.9758064516129032,
        "recall": 0.9758064516129032,
        "f1-score": 0.9758064516129032,
        "support": 124.0
    },
    "Rice": {
        "precision": 0.9957805907172996,
        "recall": 1.0,
        "f1-score": 0.9978858350951374,
        "support": 236.0
    },
    "Tomato": {
        "precision": 0.9918032786885246,
        "recall": 0.9972527472527473,
        "f1-score": 0.9945205479452055,
        "support": 364.0
    },
    "accuracy": 0.9898674980514419,
    "macro avg": {
        "precision": 0.9875056504106421,
        "recall": 0.9883553888005219,
        "f1-score": 0.9879031492307945,
        "support": 1283.0
    },
    "weighted avg": {
        "precision": 0.9899440366787235,
        "recall": 0.9898674980514419,
        "f1-score": 0.989873965521112,
        "support": 1283.0
    }
}