{
    "Cashew__Healthy": {
        "precision": 1.0,
        "recall": 0.9722222222222222,
        "f1-score": 0.9859154929577465,
        "support": 108.0
    },
    "Cashew__Leaf_miner": {
        "precision": 0.9590163934426229,
        "recall": 0.9915254237288136,
        "f1-score": 0.975,
        "support": 118.0
    },
    "Cashew__Red_rust": {
        "precision": 0.9833333333333333,
        "recall": 1.0,
        "f1-score": 0.9915966386554622,
        "support": 118.0
    },
    "Corn__Maize_healthy": {
        "precision": 1.0,
        "recall": 0.9787234042553191,
        "f1-score": 0.989247311827957,
        "support": 94.0
    },
    "Corn__Maize_leaf_blight": {
        "precision": 0.9,
        "recall": 0.9090909090909091,
        "f1-score": 0.9045226130653267,
        "support": 99.0
    },
    "Corn__Maize_streak_virus": {
        "precision": 0.8888888888888888,
        "recall": 0.8674698795180723,
        "f1-score": 0.8780487804878049,
        "support": 83.0
    },
    "Potato__Fungi": {
        "precision": 0.9204545454545454,
        "recall": 0.9,
        "f1-score": 0.9101123595505618,
        "support": 90.0
    },
    "Potato__Healthy": {
        "precision": 0.8641975308641975,
        "recall": 0.9459459459459459,
        "f1-score": 0.9032258064516129,
        "support": 74.0
    },
    "Potato__Nematode": {
        "precision": 1.0,
        "recall": 0.9541284403669725,
        "f1-score": 0.9765258215962441,
        "support": 109.0
    },
    "Rice__Bacterial_leaf_blight": {
        "precision": 0.9871794871794872,
        "recall": 0.9871794871794872,
        "f1-score": 0.9871794871794872,
        "support": 78.0
    },
    "Rice__Brown_spot": {
        "precision": 0.8736842105263158,
        "recall": 0.7280701754385965,
        "f1-score": 0.7942583732057417,
        "support": 114.0
    },
    "Rice__Healthy": {
        "precision": 0.8316831683168316,
        "recall": 0.9545454545454546,
        "f1-score": 0.8888888888888888,
        "support": 88.0
    },
    "Rice__Leaf_blast": {
        "precision": 0.6631578947368421,
        "recall": 0.7159090909090909,
        "f1-score": 0.6885245901639344,
        "support": 88.0
    },
    "Tomato__Healthy": {
        "precision": 0.9797979797979798,
        "recall": 0.9897959183673469,
        "f1-score": 0.9847715736040609,
        "support": 98.0
    },
    "Tomato__Septoria_leaf_spot": {
        "precision": 0.8099173553719008,
        "recall": 0.6666666666666666,
        "f1-score": 0.7313432835820896,
        "support": 147.0
    },
    "Tomato__Verticulium_wilt": {
        "precision": 0.7070063694267515,
        "recall": 0.8345864661654135,
        "f1-score": 0.7655172413793103,
        "support": 133.0
    },
    "accuracy": 0.8920073215375229,
    "macro avg": {
        "precision": 0.898019822333731,
        "recall": 0.8997412177750195,
        "f1-score": 0.8971673914122643,
        "support": 1639.0
    },
    "weighted avg": {
        "precision": 0.8951326942370671,
        "recall": 0.8920073215375229,
        "f1-score": 0.8915980223812333,
        "support": 1639.0
    }
}