{
    "Cashew__Healthy": {
        "precision": 1.0,
        "recall": 0.9904761904761905,
        "f1-score": 0.9952153110047847,
        "support": 105.0
    },
    "Cashew__Leaf_miner": {
        "precision": 0.9902912621359223,
        "recall": 1.0,
        "f1-score": 0.9951219512195122,
        "support": 102.0
    },
    "Cashew__Red_rust": {
        "precision": 1.0,
        "recall": 1.0,
        "f1-score": 1.0,
        "support": 123.0
    },
    "Corn__Maize_healthy": {
        "precision": 1.0,
        "recall": 1.0,
        "f1-score": 1.0,
        "support": 109.0
    },
    "Corn__Maize_leaf_blight": {
        "precision": 0.9693877551020408,
        "recall": 0.9693877551020408,
        "f1-score": 0.9693877551020408,
        "support": 98.0
    },
    "Corn__Maize_streak_virus": {
        "precision": 0.958904109589041,
        "recall": 0.958904109589041,
        "f1-score": 0.958904109589041,
        "support": 73.0
    },
    "Potato__Fungi": {
        "precision": 0.9,
        "recall": 0.9529411764705882,
        "f1-score": 0.9257142857142857,
        "support": 85.0
    },
    "Potato__Healthy": {
        "precision": 0.9540229885057471,
        "recall": 0.9880952380952381,
        "f1-score": 0.9707602339181286,
        "support": 84.0
    },
    "Potato__Nematode": {
        "precision": 1.0,
        "recall": 0.9398496240601504,
        "f1-score": 0.9689922480620154,
        "support": 133.0
    },
    "Rice__Bacterial_leaf_blight": {
        "precision": 1.0,
        "recall": 1.0,
        "f1-score": 1.0,
        "support": 71.0
    },
    "Rice__Brown_spot": {
        "precision": 0.8811881188118812,
        "recall": 0.9468085106382979,
        "f1-score": 0.9128205128205128,
        "support": 94.0
    },
    "Rice__Healthy": {
        "precision": 1.0,
        "recall": 0.9897959183673469,
        "f1-score": 0.9948717948717949,
        "support": 98.0
    },
    "Rice__Leaf_blast": {
        "precision": 0.922077922077922,
        "recall": 0.8554216867469879,
        "f1-score": 0.8875,
        "support": 83.0
    },
    "Tomato__Healthy": {
        "precision": 0.97,
        "recall": 1.0,
        "f1-score": 0.9847715736040609,
        "support": 97.0
    },
    "Tomato__Septoria_leaf_spot": {
        "precision": 0.8389261744966443,
        "recall": 0.8278145695364238,
        "f1-score": 0.8333333333333334,
        "support": 151.0
    },
    "Tomato__Verticulium_wilt": {
        "precision": 0.8257575757575758,
        "recall": 0.8195488721804511,
        "f1-score": 0.8226415094339623,
        "support": 133.0
    },
    "accuracy": 0.9463087248322147,
    "macro avg": {
        "precision": 0.9506597441547985,
        "recall": 0.9524402282039224,
        "f1-score": 0.951252163667092,
        "support": 1639.0
    },
    "weighted avg": {
        "precision": 0.9466780966430031,
        "recall": 0.9463087248322147,
        "f1-score": 0.9462099758616144,
        "support": 1639.0
    }
}