{
    "Cashew__Healthy": {
        "precision": 1.0,
        "recall": 0.9882352941176471,
        "f1-score": 0.9940828402366864,
        "support": 85.0
    },
    "Cashew__Leaf_miner": {
        "precision": 0.9879518072289156,
        "recall": 0.9879518072289156,
        "f1-score": 0.9879518072289156,
        "support": 83.0
    },
    "Cashew__Red_rust": {
        "precision": 0.9883720930232558,
        "recall": 1.0,
        "f1-score": 0.9941520467836257,
        "support": 85.0
    },
    "Corn__Healthy": {
        "precision": 1.0,
        "recall": 0.9736842105263158,
        "f1-score": 0.9866666666666667,
        "support": 76.0
    },
    "Corn__Leaf_blight": {
        "precision": 1.0,
        "recall": 0.9864864864864865,
        "f1-score": 0.9931972789115646,
        "support": 74.0
    },
    "Corn__Streak_virus": {
        "precision": 0.9523809523809523,
        "recall": 1.0,
        "f1-score": 0.975609756097561,
        "support": 60.0
    },
    "Potato__Fungi": {
        "precision": 1.0,
        "recall": 0.9322033898305084,
        "f1-score": 0.9649122807017544,
        "support": 59.0
    },
    "Potato__Healthy": {
        "precision": 0.9523809523809523,
        "recall": 1.0,
        "f1-score": 0.975609756097561,
        "support": 60.0
    },
    "Potato__Nematode": {
        "precision": 0.9895833333333334,
        "recall": 1.0,
        "f1-score": 0.9947643979057592,
        "support": 95.0
    },
    "Rice__Bacterial_leaf_blight": {
        "precision": 1.0,
        "recall": 1.0,
        "f1-score": 1.0,
        "support": 60.0
    },
    "Rice__Brown_spot": {
        "precision": 0.9583333333333334,
        "recall": 0.9078947368421053,
        "f1-score": 0.9324324324324325,
        "support": 76.0
    },
    "Rice__Healthy": {
        "precision": 1.0,
        "recall": 0.9857142857142858,
        "f1-score": 0.9928057553956835,
        "support": 70.0
    },
    "Rice__Leaf_blast": {
        "precision": 0.9041095890410958,
        "recall": 0.9705882352941176,
        "f1-score": 0.9361702127659575,
        "support": 68.0
    },
    "Tomato__Healthy": {
        "precision": 0.9722222222222222,
        "recall": 1.0,
        "f1-score": 0.9859154929577465,
        "support": 70.0
    },
    "Tomato__Septoria_leaf_spot": {
        "precision": 0.8981481481481481,
        "recall": 0.8981481481481481,
        "f1-score": 0.8981481481481481,
        "support": 108.0
    },
    "Tomato__Verticulium_wilt": {
        "precision": 0.9090909090909091,
        "recall": 0.8910891089108911,
        "f1-score": 0.9,
        "support": 101.0
    },
    "accuracy": 0.9666666666666667,
    "macro avg": {
        "precision": 0.9695358337614449,
        "recall": 0.9701247314437138,
        "f1-score": 0.9695261795206289,
        "support": 1230.0
    },
    "weighted avg": {
        "precision": 0.9670685216432708,
        "recall": 0.9666666666666667,
        "f1-score": 0.9666046914753634,
        "support": 1230.0
    }
}