{
    "Cashew__Healthy": {
        "precision": 1.0,
        "recall": 1.0,
        "f1-score": 1.0,
        "support": 85.0
    },
    "Cashew__Leaf_miner": {
        "precision": 1.0,
        "recall": 0.9759036144578314,
        "f1-score": 0.9878048780487805,
        "support": 83.0
    },
    "Cashew__Red_rust": {
        "precision": 0.9767441860465116,
        "recall": 0.9882352941176471,
        "f1-score": 0.9824561403508771,
        "support": 85.0
    },
    "Corn__Maize_healthy": {
        "precision": 1.0,
        "recall": 0.9342105263157895,
        "f1-score": 0.9659863945578231,
        "support": 76.0
    },
    "Corn__Maize_leaf_blight": {
        "precision": 0.935064935064935,
        "recall": 0.972972972972973,
        "f1-score": 0.9536423841059603,
        "support": 74.0
    },
    "Corn__Maize_streak_virus": {
        "precision": 0.9333333333333333,
        "recall": 0.9333333333333333,
        "f1-score": 0.9333333333333333,
        "support": 60.0
    },
    "Potato__Fungi": {
        "precision": 1.0,
        "recall": 0.8813559322033898,
        "f1-score": 0.9369369369369369,
        "support": 59.0
    },
    "Potato__Healthy": {
        "precision": 0.9230769230769231,
        "recall": 1.0,
        "f1-score": 0.96,
        "support": 60.0
    },
    "Potato__Nematode": {
        "precision": 0.95,
        "recall": 1.0,
        "f1-score": 0.9743589743589743,
        "support": 95.0
    },
    "Rice__Bacterial_leaf_blight": {
        "precision": 1.0,
        "recall": 1.0,
        "f1-score": 1.0,
        "support": 60.0
    },
    "Rice__Brown_spot": {
        "precision": 0.9315068493150684,
        "recall": 0.8947368421052632,
        "f1-score": 0.912751677852349,
        "support": 76.0
    },
    "Rice__Healthy": {
        "precision": 1.0,
        "recall": 0.9714285714285714,
        "f1-score": 0.9855072463768116,
        "support": 70.0
    },
    "Rice__Leaf_blast": {
        "precision": 0.88,
        "recall": 0.9705882352941176,
        "f1-score": 0.9230769230769231,
        "support": 68.0
    },
    "Tomato__Healthy": {
        "precision": 0.971830985915493,
        "recall": 0.9857142857142858,
        "f1-score": 0.9787234042553191,
        "support": 70.0
    },
    "Tomato__Septoria_leaf_spot": {
        "precision": 0.8952380952380953,
        "recall": 0.8703703703703703,
        "f1-score": 0.8826291079812206,
        "support": 108.0
    },
    "Tomato__Verticulium_wilt": {
        "precision": 0.8811881188118812,
        "recall": 0.8811881188118812,
        "f1-score": 0.8811881188118812,
        "support": 101.0
    },
    "accuracy": 0.9512195121951219,
    "macro avg": {
        "precision": 0.95487396417514,
        "recall": 0.9537523810703409,
        "f1-score": 0.9536497200029495,
        "support": 1230.0
    },
    "weighted avg": {
        "precision": 0.9521960001960311,
        "recall": 0.9512195121951219,
        "f1-score": 0.951124315897334,
        "support": 1230.0
    }
}