{
    "Cashew__Healthy": {
        "precision": 1.0,
        "recall": 1.0,
        "f1-score": 1.0,
        "support": 85.0
    },
    "Cashew__Leaf_miner": {
        "precision": 1.0,
        "recall": 0.9879518072289156,
        "f1-score": 0.9939393939393939,
        "support": 83.0
    },
    "Cashew__Red_rust": {
        "precision": 0.9883720930232558,
        "recall": 1.0,
        "f1-score": 0.9941520467836257,
        "support": 85.0
    },
    "Corn__Healthy": {
        "precision": 1.0,
        "recall": 0.9605263157894737,
        "f1-score": 0.9798657718120806,
        "support": 76.0
    },
    "Corn__Leaf_blight": {
        "precision": 0.9733333333333334,
        "recall": 0.9864864864864865,
        "f1-score": 0.9798657718120806,
        "support": 74.0
    },
    "Corn__Streak_virus": {
        "precision": 0.9666666666666667,
        "recall": 0.9666666666666667,
        "f1-score": 0.9666666666666667,
        "support": 60.0
    },
    "Potato__Fungi": {
        "precision": 0.9649122807017544,
        "recall": 0.9322033898305084,
        "f1-score": 0.9482758620689655,
        "support": 59.0
    },
    "Potato__Healthy": {
        "precision": 0.9523809523809523,
        "recall": 1.0,
        "f1-score": 0.975609756097561,
        "support": 60.0
    },
    "Potato__Nematode": {
        "precision": 0.9789473684210527,
        "recall": 0.9789473684210527,
        "f1-score": 0.9789473684210527,
        "support": 95.0
    },
    "Rice__Bacterial_leaf_blight": {
        "precision": 1.0,
        "recall": 1.0,
        "f1-score": 1.0,
        "support": 60.0
    },
    "Rice__Brown_spot": {
        "precision": 0.8648648648648649,
        "recall": 0.8421052631578947,
        "f1-score": 0.8533333333333334,
        "support": 76.0
    },
    "Rice__Healthy": {
        "precision": 1.0,
        "recall": 0.9857142857142858,
        "f1-score": 0.9928057553956835,
        "support": 70.0
    },
    "Rice__Leaf_blast": {
        "precision": 0.8378378378378378,
        "recall": 0.9117647058823529,
        "f1-score": 0.8732394366197183,
        "support": 68.0
    },
    "Tomato__Healthy": {
        "precision": 0.9857142857142858,
        "recall": 0.9857142857142858,
        "f1-score": 0.9857142857142858,
        "support": 70.0
    },
    "Tomato__Septoria_leaf_spot": {
        "precision": 0.8785046728971962,
        "recall": 0.8703703703703703,
        "f1-score": 0.8744186046511628,
        "support": 108.0
    },
    "Tomato__Verticulium_wilt": {
        "precision": 0.89,
        "recall": 0.8811881188118812,
        "f1-score": 0.8855721393034826,
        "support": 101.0
    },
    "accuracy": 0.9520325203252032,
    "macro avg": {
        "precision": 0.9550958972400749,
        "recall": 0.9556024415046358,
        "f1-score": 0.9551503870386934,
        "support": 1230.0
    },
    "weighted avg": {
        "precision": 0.9525058403687022,
        "recall": 0.9520325203252032,
        "f1-score": 0.9520931983304567,
        "support": 1230.0
    }
}