{
    "Cashew__Healthy": {
        "precision": 1.0,
        "recall": 0.9915254237288136,
        "f1-score": 0.9957446808510638,
        "support": 118.0
    },
    "Cashew__Leaf_miner": {
        "precision": 1.0,
        "recall": 0.9911504424778761,
        "f1-score": 0.9955555555555555,
        "support": 113.0
    },
    "Cashew__Red_rust": {
        "precision": 0.991304347826087,
        "recall": 1.0,
        "f1-score": 0.9956331877729258,
        "support": 114.0
    },
    "Corn__Maize_healthy": {
        "precision": 1.0,
        "recall": 1.0,
        "f1-score": 1.0,
        "support": 91.0
    },
    "Corn__Maize_leaf_blight": {
        "precision": 1.0,
        "recall": 0.9711538461538461,
        "f1-score": 0.9853658536585366,
        "support": 104.0
    },
    "Corn__Maize_streak_virus": {
        "precision": 0.9726027397260274,
        "recall": 1.0,
        "f1-score": 0.9861111111111112,
        "support": 71.0
    },
    "Potato__Fungi": {
        "precision": 1.0,
        "recall": 0.9746835443037974,
        "f1-score": 0.9871794871794872,
        "support": 79.0
    },
    "Potato__Healthy": {
        "precision": 0.9879518072289156,
        "recall": 1.0,
        "f1-score": 0.9939393939393939,
        "support": 82.0
    },
    "Potato__Nematode": {
        "precision": 0.9925373134328358,
        "recall": 1.0,
        "f1-score": 0.9962546816479401,
        "support": 133.0
    },
    "Rice__Bacterial_leaf_blight": {
        "precision": 1.0,
        "recall": 0.989010989010989,
        "f1-score": 0.994475138121547,
        "support": 91.0
    },
    "Rice__Brown_spot": {
        "precision": 0.9425287356321839,
        "recall": 0.8913043478260869,
        "f1-score": 0.9162011173184358,
        "support": 92.0
    },
    "Rice__Healthy": {
        "precision": 0.978494623655914,
        "recall": 0.978494623655914,
        "f1-score": 0.978494623655914,
        "support": 93.0
    },
    "Rice__Leaf_blast": {
        "precision": 0.8681318681318682,
        "recall": 0.9294117647058824,
        "f1-score": 0.8977272727272727,
        "support": 85.0
    },
    "Tomato__Healthy": {
        "precision": 0.9880952380952381,
        "recall": 1.0,
        "f1-score": 0.9940119760479041,
        "support": 83.0
    },
    "Tomato__Septoria_leaf_spot": {
        "precision": 0.8888888888888888,
        "recall": 0.9315068493150684,
        "f1-score": 0.9096989966555183,
        "support": 146.0
    },
    "Tomato__Verticulium_wilt": {
        "precision": 0.927536231884058,
        "recall": 0.8888888888888888,
        "f1-score": 0.9078014184397163,
        "support": 144.0
    },
    "accuracy": 0.9682733374008542,
    "macro avg": {
        "precision": 0.971129487156376,
        "recall": 0.9710706700041977,
        "f1-score": 0.9708871559176452,
        "support": 1639.0
    },
    "weighted avg": {
        "precision": 0.968847927670785,
        "recall": 0.9682733374008542,
        "f1-score": 0.968345859649942,
        "support": 1639.0
    }
}