{
    "Cashew__Healthy": {
        "precision": 1.0,
        "recall": 0.9911504424778761,
        "f1-score": 0.9955555555555555,
        "support": 113.0
    },
    "Cashew__Leaf_miner": {
        "precision": 0.9910714285714286,
        "recall": 1.0,
        "f1-score": 0.9955156950672646,
        "support": 111.0
    },
    "Cashew__Red_rust": {
        "precision": 1.0,
        "recall": 1.0,
        "f1-score": 1.0,
        "support": 113.0
    },
    "Corn__Healthy": {
        "precision": 0.9901960784313726,
        "recall": 1.0,
        "f1-score": 0.9950738916256158,
        "support": 101.0
    },
    "Corn__Leaf_blight": {
        "precision": 0.98989898989899,
        "recall": 0.98989898989899,
        "f1-score": 0.98989898989899,
        "support": 99.0
    },
    "Corn__Streak_virus": {
        "precision": 0.9873417721518988,
        "recall": 0.975,
        "f1-score": 0.9811320754716981,
        "support": 80.0
    },
    "Potato__Fungi": {
        "precision": 1.0,
        "recall": 1.0,
        "f1-score": 1.0,
        "support": 78.0
    },
    "Potato__Healthy": {
        "precision": 1.0,
        "recall": 1.0,
        "f1-score": 1.0,
        "support": 80.0
    },
    "Potato__Nematode": {
        "precision": 1.0,
        "recall": 1.0,
        "f1-score": 1.0,
        "support": 127.0
    },
    "Rice__Bacterial_leaf_blight": {
        "precision": 1.0,
        "recall": 1.0,
        "f1-score": 1.0,
        "support": 80.0
    },
    "Rice__Brown_spot": {
        "precision": 0.9791666666666666,
        "recall": 0.9306930693069307,
        "f1-score": 0.9543147208121827,
        "support": 101.0
    },
    "Rice__Healthy": {
        "precision": 0.989247311827957,
        "recall": 0.989247311827957,
        "f1-score": 0.989247311827957,
        "support": 93.0
    },
    "Rice__Leaf_blast": {
        "precision": 0.9375,
        "recall": 0.989010989010989,
        "f1-score": 0.9625668449197861,
        "support": 91.0
    },
    "Tomato__Healthy": {
        "precision": 0.9789473684210527,
        "recall": 1.0,
        "f1-score": 0.9893617021276596,
        "support": 93.0
    },
    "Tomato__Septoria_leaf_spot": {
        "precision": 0.9855072463768116,
        "recall": 0.9444444444444444,
        "f1-score": 0.9645390070921985,
        "support": 144.0
    },
    "Tomato__Verticulium_wilt": {
        "precision": 0.9568345323741008,
        "recall": 0.9851851851851852,
        "f1-score": 0.9708029197080292,
        "support": 135.0
    },
    "accuracy": 0.9859670530811471,
    "macro avg": {
        "precision": 0.9866069621700175,
        "recall": 0.9871644020095233,
        "f1-score": 0.9867505446316835,
        "support": 1639.0
    },
    "weighted avg": {
        "precision": 0.9861758500368547,
        "recall": 0.9859670530811471,
        "f1-score": 0.9859274363585302,
        "support": 1639.0
    }
}