{
    "Cashew__Healthy": {
        "precision": 1.0,
        "recall": 1.0,
        "f1-score": 1.0,
        "support": 113.0
    },
    "Cashew__Leaf_miner": {
        "precision": 1.0,
        "recall": 1.0,
        "f1-score": 1.0,
        "support": 111.0
    },
    "Cashew__Red_rust": {
        "precision": 1.0,
        "recall": 1.0,
        "f1-score": 1.0,
        "support": 113.0
    },
    "Corn__Maize_healthy": {
        "precision": 1.0,
        "recall": 1.0,
        "f1-score": 1.0,
        "support": 101.0
    },
    "Corn__Maize_leaf_blight": {
        "precision": 1.0,
        "recall": 0.9797979797979798,
        "f1-score": 0.9897959183673469,
        "support": 99.0
    },
    "Corn__Maize_streak_virus": {
        "precision": 0.975609756097561,
        "recall": 1.0,
        "f1-score": 0.9876543209876543,
        "support": 80.0
    },
    "Potato__Fungi": {
        "precision": 1.0,
        "recall": 0.9743589743589743,
        "f1-score": 0.987012987012987,
        "support": 78.0
    },
    "Potato__Healthy": {
        "precision": 1.0,
        "recall": 1.0,
        "f1-score": 1.0,
        "support": 80.0
    },
    "Potato__Nematode": {
        "precision": 0.9844961240310077,
        "recall": 1.0,
        "f1-score": 0.9921875,
        "support": 127.0
    },
    "Rice__Bacterial_leaf_blight": {
        "precision": 1.0,
        "recall": 1.0,
        "f1-score": 1.0,
        "support": 80.0
    },
    "Rice__Brown_spot": {
        "precision": 0.9693877551020408,
        "recall": 0.9405940594059405,
        "f1-score": 0.9547738693467337,
        "support": 101.0
    },
    "Rice__Healthy": {
        "precision": 1.0,
        "recall": 0.989247311827957,
        "f1-score": 0.9945945945945946,
        "support": 93.0
    },
    "Rice__Leaf_blast": {
        "precision": 0.9368421052631579,
        "recall": 0.978021978021978,
        "f1-score": 0.956989247311828,
        "support": 91.0
    },
    "Tomato__Healthy": {
        "precision": 1.0,
        "recall": 1.0,
        "f1-score": 1.0,
        "support": 93.0
    },
    "Tomato__Septoria_leaf_spot": {
        "precision": 0.9716312056737588,
        "recall": 0.9513888888888888,
        "f1-score": 0.9614035087719298,
        "support": 144.0
    },
    "Tomato__Verticulium_wilt": {
        "precision": 0.9492753623188406,
        "recall": 0.9703703703703703,
        "f1-score": 0.9597069597069597,
        "support": 135.0
    },
    "accuracy": 0.9853569249542404,
    "macro avg": {
        "precision": 0.9867026442803979,
        "recall": 0.9864862226670055,
        "f1-score": 0.9865074316312521,
        "support": 1639.0
    },
    "weighted avg": {
        "precision": 0.9855446312471391,
        "recall": 0.9853569249542404,
        "f1-score": 0.985366071699014,
        "support": 1639.0
    }
}