{
    "Cashew__Healthy": {
        "precision": 1.0,
        "recall": 1.0,
        "f1-score": 1.0,
        "support": 113.0
    },
    "Cashew__Leaf_miner": {
        "precision": 1.0,
        "recall": 0.990990990990991,
        "f1-score": 0.995475113122172,
        "support": 111.0
    },
    "Cashew__Red_rust": {
        "precision": 0.9912280701754386,
        "recall": 1.0,
        "f1-score": 0.9955947136563876,
        "support": 113.0
    },
    "Corn__Healthy": {
        "precision": 0.9901960784313726,
        "recall": 1.0,
        "f1-score": 0.9950738916256158,
        "support": 101.0
    },
    "Corn__Leaf_blight": {
        "precision": 1.0,
        "recall": 0.98989898989899,
        "f1-score": 0.9949238578680203,
        "support": 99.0
    },
    "Corn__Streak_virus": {
        "precision": 0.9875,
        "recall": 0.9875,
        "f1-score": 0.9875,
        "support": 80.0
    },
    "Potato__Fungi": {
        "precision": 1.0,
        "recall": 1.0,
        "f1-score": 1.0,
        "support": 78.0
    },
    "Potato__Healthy": {
        "precision": 1.0,
        "recall": 1.0,
        "f1-score": 1.0,
        "support": 80.0
    },
    "Potato__Nematode": {
        "precision": 1.0,
        "recall": 1.0,
        "f1-score": 1.0,
        "support": 127.0
    },
    "Rice__Bacterial_leaf_blight": {
        "precision": 1.0,
        "recall": 1.0,
        "f1-score": 1.0,
        "support": 80.0
    },
    "Rice__Brown_spot": {
        "precision": 0.9803921568627451,
        "recall": 0.9900990099009901,
        "f1-score": 0.9852216748768473,
        "support": 101.0
    },
    "Rice__Healthy": {
        "precision": 1.0,
        "recall": 0.989247311827957,
        "f1-score": 0.9945945945945946,
        "support": 93.0
    },
    "Rice__Leaf_blast": {
        "precision": 0.989010989010989,
        "recall": 0.989010989010989,
        "f1-score": 0.989010989010989,
        "support": 91.0
    },
    "Tomato__Healthy": {
        "precision": 0.9789473684210527,
        "recall": 1.0,
        "f1-score": 0.9893617021276596,
        "support": 93.0
    },
    "Tomato__Septoria_leaf_spot": {
        "precision": 0.9928571428571429,
        "recall": 0.9652777777777778,
        "f1-score": 0.9788732394366197,
        "support": 144.0
    },
    "Tomato__Verticulium_wilt": {
        "precision": 0.9781021897810219,
        "recall": 0.9925925925925926,
        "f1-score": 0.9852941176470589,
        "support": 135.0
    },
    "accuracy": 0.9926784624771202,
    "macro avg": {
        "precision": 0.9930146247212351,
        "recall": 0.993413603875018,
        "f1-score": 0.9931827433728728,
        "support": 1639.0
    },
    "weighted avg": {
        "precision": 0.992736737736153,
        "recall": 0.9926784624771202,
        "f1-score": 0.9926709226978716,
        "support": 1639.0
    }
}