{
    "Cashew__Healthy": {
        "precision": 1.0,
        "recall": 1.0,
        "f1-score": 1.0,
        "support": 113.0
    },
    "Cashew__Leaf_miner": {
        "precision": 1.0,
        "recall": 0.990990990990991,
        "f1-score": 0.995475113122172,
        "support": 111.0
    },
    "Cashew__Red_rust": {
        "precision": 0.9912280701754386,
        "recall": 1.0,
        "f1-score": 0.9955947136563876,
        "support": 113.0
    },
    "Corn__Healthy": {
        "precision": 0.9901960784313726,
        "recall": 1.0,
        "f1-score": 0.9950738916256158,
        "support": 101.0
    },
    "Corn__Leaf_blight": {
        "precision": 1.0,
        "recall": 0.98989898989899,
        "f1-score": 0.9949238578680203,
        "support": 99.0
    },
    "Corn__Streak_virus": {
        "precision": 0.9875,
        "recall": 0.9875,
        "f1-score": 0.9875,
        "support": 80.0
    },
    "Potato__Fungi": {
        "precision": 1.0,
        "recall": 1.0,
        "f1-score": 1.0,
        "support": 78.0
    },
    "Potato__Healthy": {
        "precision": 1.0,
        "recall": 1.0,
        "f1-score": 1.0,
        "support": 80.0
    },
    "Potato__Nematode": {
        "precision": 1.0,
        "recall": 1.0,
        "f1-score": 1.0,
        "support": 127.0
    },
    "Rice__Bacterial_leaf_blight": {
        "precision": 1.0,
        "recall": 1.0,
        "f1-score": 1.0,
        "support": 80.0
    },
    "Rice__Brown_spot": {
        "precision": 0.9893617021276596,
        "recall": 0.9207920792079208,
        "f1-score": 0.9538461538461539,
        "support": 101.0
    },
    "Rice__Healthy": {
        "precision": 1.0,
        "recall": 0.989247311827957,
        "f1-score": 0.9945945945945946,
        "support": 93.0
    },
    "Rice__Leaf_blast": {
        "precision": 0.9191919191919192,
        "recall": 1.0,
        "f1-score": 0.9578947368421052,
        "support": 91.0
    },
    "Tomato__Healthy": {
        "precision": 0.9789473684210527,
        "recall": 1.0,
        "f1-score": 0.9893617021276596,
        "support": 93.0
    },
    "Tomato__Septoria_leaf_spot": {
        "precision": 1.0,
        "recall": 0.9444444444444444,
        "f1-score": 0.9714285714285714,
        "support": 144.0
    },
    "Tomato__Verticulium_wilt": {
        "precision": 0.9574468085106383,
        "recall": 1.0,
        "f1-score": 0.9782608695652174,
        "support": 135.0
    },
    "accuracy": 0.987797437461867,
    "macro avg": {
        "precision": 0.98836699667863,
        "recall": 0.988929613523144,
        "f1-score": 0.9883721377922812,
        "support": 1639.0
    },
    "weighted avg": {
        "precision": 0.9883392293013091,
        "recall": 0.987797437461867,
        "f1-score": 0.9877764582343719,
        "support": 1639.0
    }
}