{
    "Cashew__Healthy": {
        "precision": 0.9912280701754386,
        "recall": 1.0,
        "f1-score": 0.9955947136563876,
        "support": 113.0
    },
    "Cashew__Leaf_miner": {
        "precision": 0.990990990990991,
        "recall": 0.990990990990991,
        "f1-score": 0.990990990990991,
        "support": 111.0
    },
    "Cashew__Red_rust": {
        "precision": 1.0,
        "recall": 1.0,
        "f1-score": 1.0,
        "support": 113.0
    },
    "Corn__Maize_healthy": {
        "precision": 1.0,
        "recall": 1.0,
        "f1-score": 1.0,
        "support": 101.0
    },
    "Corn__Maize_leaf_blight": {
        "precision": 1.0,
        "recall": 0.9595959595959596,
        "f1-score": 0.979381443298969,
        "support": 99.0
    },
    "Corn__Maize_streak_virus": {
        "precision": 0.9876543209876543,
        "recall": 1.0,
        "f1-score": 0.9937888198757764,
        "support": 80.0
    },
    "Potato__Fungi": {
        "precision": 0.9871794871794872,
        "recall": 0.9871794871794872,
        "f1-score": 0.9871794871794872,
        "support": 78.0
    },
    "Potato__Healthy": {
        "precision": 0.9876543209876543,
        "recall": 1.0,
        "f1-score": 0.9937888198757764,
        "support": 80.0
    },
    "Potato__Nematode": {
        "precision": 1.0,
        "recall": 1.0,
        "f1-score": 1.0,
        "support": 127.0
    },
    "Rice__Bacterial_leaf_blight": {
        "precision": 1.0,
        "recall": 1.0,
        "f1-score": 1.0,
        "support": 80.0
    },
    "Rice__Brown_spot": {
        "precision": 0.96875,
        "recall": 0.9207920792079208,
        "f1-score": 0.9441624365482234,
        "support": 101.0
    },
    "Rice__Healthy": {
        "precision": 1.0,
        "recall": 1.0,
        "f1-score": 1.0,
        "support": 93.0
    },
    "Rice__Leaf_blast": {
        "precision": 0.9175257731958762,
        "recall": 0.978021978021978,
        "f1-score": 0.9468085106382979,
        "support": 91.0
    },
    "Tomato__Healthy": {
        "precision": 0.989247311827957,
        "recall": 0.989247311827957,
        "f1-score": 0.989247311827957,
        "support": 93.0
    },
    "Tomato__Septoria_leaf_spot": {
        "precision": 0.8774193548387097,
        "recall": 0.9444444444444444,
        "f1-score": 0.9096989966555183,
        "support": 144.0
    },
    "Tomato__Verticulium_wilt": {
        "precision": 0.9435483870967742,
        "recall": 0.8666666666666667,
        "f1-score": 0.9034749034749034,
        "support": 135.0
    },
    "accuracy": 0.9737644905430141,
    "macro avg": {
        "precision": 0.977574876080034,
        "recall": 0.9773086823709627,
        "f1-score": 0.9771322771263931,
        "support": 1639.0
    },
    "weighted avg": {
        "precision": 0.9744353129978722,
        "recall": 0.9737644905430141,
        "f1-score": 0.9737357686130911,
        "support": 1639.0
    }
}