{
    "Cashew__Healthy": {
        "precision": 0.9912280701754386,
        "recall": 1.0,
        "f1-score": 0.9955947136563876,
        "support": 113.0
    },
    "Cashew__Leaf_miner": {
        "precision": 1.0,
        "recall": 0.990990990990991,
        "f1-score": 0.995475113122172,
        "support": 111.0
    },
    "Cashew__Red_rust": {
        "precision": 1.0,
        "recall": 1.0,
        "f1-score": 1.0,
        "support": 113.0
    },
    "Corn__Maize_healthy": {
        "precision": 1.0,
        "recall": 1.0,
        "f1-score": 1.0,
        "support": 101.0
    },
    "Corn__Maize_leaf_blight": {
        "precision": 1.0,
        "recall": 0.9494949494949495,
        "f1-score": 0.9740932642487047,
        "support": 99.0
    },
    "Corn__Maize_streak_virus": {
        "precision": 0.963855421686747,
        "recall": 1.0,
        "f1-score": 0.9815950920245399,
        "support": 80.0
    },
    "Potato__Fungi": {
        "precision": 0.9871794871794872,
        "recall": 0.9871794871794872,
        "f1-score": 0.9871794871794872,
        "support": 78.0
    },
    "Potato__Healthy": {
        "precision": 0.9876543209876543,
        "recall": 1.0,
        "f1-score": 0.9937888198757764,
        "support": 80.0
    },
    "Potato__Nematode": {
        "precision": 1.0,
        "recall": 1.0,
        "f1-score": 1.0,
        "support": 127.0
    },
    "Rice__Bacterial_leaf_blight": {
        "precision": 1.0,
        "recall": 1.0,
        "f1-score": 1.0,
        "support": 80.0
    },
    "Rice__Brown_spot": {
        "precision": 0.96875,
        "recall": 0.9207920792079208,
        "f1-score": 0.9441624365482234,
        "support": 101.0
    },
    "Rice__Healthy": {
        "precision": 1.0,
        "recall": 1.0,
        "f1-score": 1.0,
        "support": 93.0
    },
    "Rice__Leaf_blast": {
        "precision": 0.9072164948453608,
        "recall": 0.967032967032967,
        "f1-score": 0.9361702127659575,
        "support": 91.0
    },
    "Tomato__Healthy": {
        "precision": 0.989247311827957,
        "recall": 0.989247311827957,
        "f1-score": 0.989247311827957,
        "support": 93.0
    },
    "Tomato__Septoria_leaf_spot": {
        "precision": 0.8774193548387097,
        "recall": 0.9444444444444444,
        "f1-score": 0.9096989966555183,
        "support": 144.0
    },
    "Tomato__Verticulium_wilt": {
        "precision": 0.9435483870967742,
        "recall": 0.8666666666666667,
        "f1-score": 0.9034749034749034,
        "support": 135.0
    },
    "accuracy": 0.9725442342892008,
    "macro avg": {
        "precision": 0.976006178039883,
        "recall": 0.9759905560528365,
        "f1-score": 0.9756550219612268,
        "support": 1639.0
    },
    "weighted avg": {
        "precision": 0.9733114226537787,
        "recall": 0.9725442342892008,
        "f1-score": 0.9725341972257225,
        "support": 1639.0
    }
}