{
    "Cashew__Healthy": {
        "precision": 1.0,
        "recall": 1.0,
        "f1-score": 1.0,
        "support": 113.0
    },
    "Cashew__Leaf_miner": {
        "precision": 1.0,
        "recall": 1.0,
        "f1-score": 1.0,
        "support": 111.0
    },
    "Cashew__Red_rust": {
        "precision": 1.0,
        "recall": 1.0,
        "f1-score": 1.0,
        "support": 113.0
    },
    "Corn__Maize_healthy": {
        "precision": 1.0,
        "recall": 1.0,
        "f1-score": 1.0,
        "support": 101.0
    },
    "Corn__Maize_leaf_blight": {
        "precision": 1.0,
        "recall": 0.9797979797979798,
        "f1-score": 0.9897959183673469,
        "support": 99.0
    },
    "Corn__Maize_streak_virus": {
        "precision": 0.975609756097561,
        "recall": 1.0,
        "f1-score": 0.9876543209876543,
        "support": 80.0
    },
    "Potato__Fungi": {
        "precision": 1.0,
        "recall": 0.9743589743589743,
        "f1-score": 0.987012987012987,
        "support": 78.0
    },
    "Potato__Healthy": {
        "precision": 1.0,
        "recall": 1.0,
        "f1-score": 1.0,
        "support": 80.0
    },
    "Potato__Nematode": {
        "precision": 0.9844961240310077,
        "recall": 1.0,
        "f1-score": 0.9921875,
        "support": 127.0
    },
    "Rice__Bacterial_leaf_blight": {
        "precision": 1.0,
        "recall": 1.0,
        "f1-score": 1.0,
        "support": 80.0
    },
    "Rice__Brown_spot": {
        "precision": 0.9690721649484536,
        "recall": 0.9306930693069307,
        "f1-score": 0.9494949494949495,
        "support": 101.0
    },
    "Rice__Healthy": {
        "precision": 1.0,
        "recall": 0.989247311827957,
        "f1-score": 0.9945945945945946,
        "support": 93.0
    },
    "Rice__Leaf_blast": {
        "precision": 0.9270833333333334,
        "recall": 0.978021978021978,
        "f1-score": 0.9518716577540107,
        "support": 91.0
    },
    "Tomato__Healthy": {
        "precision": 1.0,
        "recall": 1.0,
        "f1-score": 1.0,
        "support": 93.0
    },
    "Tomato__Septoria_leaf_spot": {
        "precision": 0.9647887323943662,
        "recall": 0.9513888888888888,
        "f1-score": 0.958041958041958,
        "support": 144.0
    },
    "Tomato__Verticulium_wilt": {
        "precision": 0.948905109489051,
        "recall": 0.9629629629629629,
        "f1-score": 0.9558823529411765,
        "support": 135.0
    },
    "accuracy": 0.984136668700427,
    "macro avg": {
        "precision": 0.9856222012683609,
        "recall": 0.9854044478228545,
        "f1-score": 0.9854085149496674,
        "support": 1639.0
    },
    "weighted avg": {
        "precision": 0.9843516946178649,
        "recall": 0.984136668700427,
        "f1-score": 0.9841462689087221,
        "support": 1639.0
    }
}