{
    "Cashew__Healthy": {
        "precision": 1.0,
        "recall": 1.0,
        "f1-score": 1.0,
        "support": 91.0
    },
    "Cashew__Leaf_miner": {
        "precision": 1.0,
        "recall": 1.0,
        "f1-score": 1.0,
        "support": 88.0
    },
    "Cashew__Red_rust": {
        "precision": 1.0,
        "recall": 1.0,
        "f1-score": 1.0,
        "support": 90.0
    },
    "Corn__Maize_healthy": {
        "precision": 1.0,
        "recall": 0.9876543209876543,
        "f1-score": 0.9937888198757764,
        "support": 81.0
    },
    "Corn__Maize_leaf_blight": {
        "precision": 1.0,
        "recall": 0.9620253164556962,
        "f1-score": 0.9806451612903225,
        "support": 79.0
    },
    "Corn__Maize_streak_virus": {
        "precision": 0.9558823529411765,
        "recall": 1.0,
        "f1-score": 0.9774436090225563,
        "support": 65.0
    },
    "Potato__Fungi": {
        "precision": 0.9841269841269841,
        "recall": 1.0,
        "f1-score": 0.992,
        "support": 62.0
    },
    "Potato__Healthy": {
        "precision": 0.9846153846153847,
        "recall": 1.0,
        "f1-score": 0.9922480620155039,
        "support": 64.0
    },
    "Potato__Nematode": {
        "precision": 1.0,
        "recall": 1.0,
        "f1-score": 1.0,
        "support": 101.0
    },
    "Rice__Bacterial_leaf_blight": {
        "precision": 1.0,
        "recall": 1.0,
        "f1-score": 1.0,
        "support": 64.0
    },
    "Rice__Brown_spot": {
        "precision": 0.9473684210526315,
        "recall": 0.8888888888888888,
        "f1-score": 0.9171974522292994,
        "support": 81.0
    },
    "Rice__Healthy": {
        "precision": 1.0,
        "recall": 0.9864864864864865,
        "f1-score": 0.9931972789115646,
        "support": 74.0
    },
    "Rice__Leaf_blast": {
        "precision": 0.875,
        "recall": 0.958904109589041,
        "f1-score": 0.9150326797385621,
        "support": 73.0
    },
    "Tomato__Healthy": {
        "precision": 0.9864864864864865,
        "recall": 0.9733333333333334,
        "f1-score": 0.9798657718120806,
        "support": 75.0
    },
    "Tomato__Septoria_leaf_spot": {
        "precision": 0.9711538461538461,
        "recall": 0.8782608695652174,
        "f1-score": 0.9223744292237442,
        "support": 115.0
    },
    "Tomato__Verticulium_wilt": {
        "precision": 0.8983050847457628,
        "recall": 0.9814814814814815,
        "f1-score": 0.9380530973451328,
        "support": 108.0
    },
    "accuracy": 0.973302822273074,
    "macro avg": {
        "precision": 0.975183660007642,
        "recall": 0.9760646754242375,
        "f1-score": 0.9751153975915339,
        "support": 1311.0
    },
    "weighted avg": {
        "precision": 0.9744176816357119,
        "recall": 0.973302822273074,
        "f1-score": 0.9732793877636817,
        "support": 1311.0
    }
}