{
    "Cashew__Healthy": {
        "precision": 1.0,
        "recall": 1.0,
        "f1-score": 1.0,
        "support": 91.0
    },
    "Cashew__Leaf_miner": {
        "precision": 1.0,
        "recall": 1.0,
        "f1-score": 1.0,
        "support": 88.0
    },
    "Cashew__Red_rust": {
        "precision": 1.0,
        "recall": 1.0,
        "f1-score": 1.0,
        "support": 90.0
    },
    "Corn__Healthy": {
        "precision": 1.0,
        "recall": 0.9753086419753086,
        "f1-score": 0.9875,
        "support": 81.0
    },
    "Corn__Leaf_blight": {
        "precision": 1.0,
        "recall": 0.9620253164556962,
        "f1-score": 0.9806451612903225,
        "support": 79.0
    },
    "Corn__Streak_virus": {
        "precision": 0.9285714285714286,
        "recall": 1.0,
        "f1-score": 0.9629629629629629,
        "support": 65.0
    },
    "Potato__Fungi": {
        "precision": 0.9838709677419355,
        "recall": 0.9838709677419355,
        "f1-score": 0.9838709677419355,
        "support": 62.0
    },
    "Potato__Healthy": {
        "precision": 0.9696969696969697,
        "recall": 1.0,
        "f1-score": 0.9846153846153847,
        "support": 64.0
    },
    "Potato__Nematode": {
        "precision": 1.0,
        "recall": 1.0,
        "f1-score": 1.0,
        "support": 101.0
    },
    "Rice__Bacterial_leaf_blight": {
        "precision": 1.0,
        "recall": 1.0,
        "f1-score": 1.0,
        "support": 64.0
    },
    "Rice__Brown_spot": {
        "precision": 0.9259259259259259,
        "recall": 0.9259259259259259,
        "f1-score": 0.9259259259259259,
        "support": 81.0
    },
    "Rice__Healthy": {
        "precision": 1.0,
        "recall": 1.0,
        "f1-score": 1.0,
        "support": 74.0
    },
    "Rice__Leaf_blast": {
        "precision": 0.918918918918919,
        "recall": 0.9315068493150684,
        "f1-score": 0.9251700680272109,
        "support": 73.0
    },
    "Tomato__Healthy": {
        "precision": 1.0,
        "recall": 0.9733333333333334,
        "f1-score": 0.9864864864864865,
        "support": 75.0
    },
    "Tomato__Septoria_leaf_spot": {
        "precision": 0.9724770642201835,
        "recall": 0.9217391304347826,
        "f1-score": 0.9464285714285714,
        "support": 115.0
    },
    "Tomato__Verticulium_wilt": {
        "precision": 0.9292035398230089,
        "recall": 0.9722222222222222,
        "f1-score": 0.9502262443438914,
        "support": 108.0
    },
    "accuracy": 0.9763539282990084,
    "macro avg": {
        "precision": 0.9767915509311481,
        "recall": 0.977870774212767,
        "f1-score": 0.9771144858014182,
        "support": 1311.0
    },
    "weighted avg": {
        "precision": 0.9768784703928575,
        "recall": 0.9763539282990084,
        "f1-score": 0.9763951689594291,
        "support": 1311.0
    }
}