{
    "Cashew__Healthy": {
        "precision": 0.9830508474576272,
        "recall": 0.9830508474576272,
        "f1-score": 0.9830508474576272,
        "support": 118.0
    },
    "Cashew__Leaf_miner": {
        "precision": 0.9841269841269841,
        "recall": 0.9763779527559056,
        "f1-score": 0.9802371541501976,
        "support": 127.0
    },
    "Cashew__Red_rust": {
        "precision": 0.9814814814814815,
        "recall": 0.9724770642201835,
        "f1-score": 0.9769585253456221,
        "support": 109.0
    },
    "Corn__Maize_healthy": {
        "precision": 0.9903846153846154,
        "recall": 1.0,
        "f1-score": 0.9951690821256038,
        "support": 103.0
    },
    "Corn__Maize_leaf_blight": {
        "precision": 0.9583333333333334,
        "recall": 0.9484536082474226,
        "f1-score": 0.9533678756476683,
        "support": 97.0
    },
    "Corn__Maize_streak_virus": {
        "precision": 0.958904109589041,
        "recall": 0.9722222222222222,
        "f1-score": 0.9655172413793104,
        "support": 72.0
    },
    "Potato__Fungi": {
        "precision": 0.9861111111111112,
        "recall": 0.9861111111111112,
        "f1-score": 0.9861111111111112,
        "support": 72.0
    },
    "Potato__Healthy": {
        "precision": 0.9863013698630136,
        "recall": 1.0,
        "f1-score": 0.993103448275862,
        "support": 72.0
    },
    "Potato__Nematode": {
        "precision": 0.9917355371900827,
        "recall": 1.0,
        "f1-score": 0.995850622406639,
        "support": 120.0
    },
    "Rice__Bacterial_leaf_blight": {
        "precision": 1.0,
        "recall": 1.0,
        "f1-score": 1.0,
        "support": 94.0
    },
    "Rice__Brown_spot": {
        "precision": 0.9368421052631579,
        "recall": 0.9270833333333334,
        "f1-score": 0.9319371727748691,
        "support": 96.0
    },
    "Rice__Healthy": {
        "precision": 0.9801980198019802,
        "recall": 1.0,
        "f1-score": 0.99,
        "support": 99.0
    },
    "Rice__Leaf_blast": {
        "precision": 0.925,
        "recall": 0.9135802469135802,
        "f1-score": 0.9192546583850931,
        "support": 81.0
    },
    "Tomato__Healthy": {
        "precision": 0.98,
        "recall": 0.98989898989899,
        "f1-score": 0.9849246231155779,
        "support": 99.0
    },
    "Tomato__Septoria_leaf_spot": {
        "precision": 0.7866666666666666,
        "recall": 0.8872180451127819,
        "f1-score": 0.833922261484099,
        "support": 133.0
    },
    "Tomato__Verticulium_wilt": {
        "precision": 0.9140625,
        "recall": 0.7959183673469388,
        "f1-score": 0.850909090909091,
        "support": 147.0
    },
    "accuracy": 0.9536302623550945,
    "macro avg": {
        "precision": 0.9589499175793185,
        "recall": 0.959524486788756,
        "f1-score": 0.9587696071605232,
        "support": 1639.0
    },
    "weighted avg": {
        "precision": 0.9547967763265656,
        "recall": 0.9536302623550945,
        "f1-score": 0.9535807762815873,
        "support": 1639.0
    }
}