{
    "Cashew__Healthy": {
        "precision": 0.9830508474576272,
        "recall": 0.9830508474576272,
        "f1-score": 0.9830508474576272,
        "support": 118.0
    },
    "Cashew__Leaf_miner": {
        "precision": 0.9626168224299065,
        "recall": 0.9809523809523809,
        "f1-score": 0.9716981132075472,
        "support": 105.0
    },
    "Cashew__Red_rust": {
        "precision": 0.9732142857142857,
        "recall": 0.956140350877193,
        "f1-score": 0.9646017699115044,
        "support": 114.0
    },
    "Corn__Maize_healthy": {
        "precision": 0.9895833333333334,
        "recall": 0.95,
        "f1-score": 0.9693877551020408,
        "support": 100.0
    },
    "Corn__Maize_leaf_blight": {
        "precision": 0.9444444444444444,
        "recall": 0.8854166666666666,
        "f1-score": 0.9139784946236559,
        "support": 96.0
    },
    "Corn__Maize_streak_virus": {
        "precision": 0.8823529411764706,
        "recall": 0.9574468085106383,
        "f1-score": 0.9183673469387755,
        "support": 94.0
    },
    "Potato__Fungi": {
        "precision": 0.9402985074626866,
        "recall": 0.8289473684210527,
        "f1-score": 0.8811188811188811,
        "support": 76.0
    },
    "Potato__Healthy": {
        "precision": 0.8333333333333334,
        "recall": 0.958904109589041,
        "f1-score": 0.89171974522293,
        "support": 73.0
    },
    "Potato__Nematode": {
        "precision": 0.9772727272727273,
        "recall": 0.9847328244274809,
        "f1-score": 0.9809885931558935,
        "support": 131.0
    },
    "Rice__Bacterial_leaf_blight": {
        "precision": 0.9879518072289156,
        "recall": 1.0,
        "f1-score": 0.9939393939393939,
        "support": 82.0
    },
    "Rice__Brown_spot": {
        "precision": 0.803921568627451,
        "recall": 0.8817204301075269,
        "f1-score": 0.841025641025641,
        "support": 93.0
    },
    "Rice__Healthy": {
        "precision": 0.8602150537634409,
        "recall": 0.9302325581395349,
        "f1-score": 0.8938547486033519,
        "support": 86.0
    },
    "Rice__Leaf_blast": {
        "precision": 0.9195402298850575,
        "recall": 0.7843137254901961,
        "f1-score": 0.8465608465608465,
        "support": 102.0
    },
    "Tomato__Healthy": {
        "precision": 0.9117647058823529,
        "recall": 0.9893617021276596,
        "f1-score": 0.9489795918367347,
        "support": 94.0
    },
    "Tomato__Septoria_leaf_spot": {
        "precision": 0.8091603053435115,
        "recall": 0.7910447761194029,
        "f1-score": 0.8,
        "support": 134.0
    },
    "Tomato__Verticulium_wilt": {
        "precision": 0.8721804511278195,
        "recall": 0.8226950354609929,
        "f1-score": 0.8467153284671532,
        "support": 141.0
    },
    "accuracy": 0.9145820622330689,
    "macro avg": {
        "precision": 0.9156813352802102,
        "recall": 0.917809974021712,
        "f1-score": 0.9153741935732486,
        "support": 1639.0
    },
    "weighted avg": {
        "precision": 0.9161472102473653,
        "recall": 0.9145820622330689,
        "f1-score": 0.9141551555380024,
        "support": 1639.0
    }
}