{
    "Cashew__Healthy": {
        "precision": 0.7721518987341772,
        "recall": 0.5700934579439252,
        "f1-score": 0.6559139784946236,
        "support": 107.0
    },
    "Cashew__Leaf_miner": {
        "precision": 0.7142857142857143,
        "recall": 0.6923076923076923,
        "f1-score": 0.703125,
        "support": 130.0
    },
    "Cashew__Red_rust": {
        "precision": 0.8991596638655462,
        "recall": 0.9385964912280702,
        "f1-score": 0.9184549356223176,
        "support": 114.0
    },
    "Corn__Maize_healthy": {
        "precision": 0.9090909090909091,
        "recall": 0.847457627118644,
        "f1-score": 0.8771929824561403,
        "support": 118.0
    },
    "Corn__Maize_leaf_blight": {
        "precision": 0.5982905982905983,
        "recall": 0.6306306306306306,
        "f1-score": 0.6140350877192983,
        "support": 111.0
    },
    "Corn__Maize_streak_virus": {
        "precision": 0.43529411764705883,
        "recall": 0.4567901234567901,
        "f1-score": 0.4457831325301205,
        "support": 81.0
    },
    "Potato__Fungi": {
        "precision": 0.4594594594594595,
        "recall": 0.44155844155844154,
        "f1-score": 0.4503311258278146,
        "support": 77.0
    },
    "Potato__Healthy": {
        "precision": 0.5789473684210527,
        "recall": 0.7951807228915663,
        "f1-score": 0.6700507614213198,
        "support": 83.0
    },
    "Potato__Nematode": {
        "precision": 0.8245614035087719,
        "recall": 0.7899159663865546,
        "f1-score": 0.8068669527896996,
        "support": 119.0
    },
    "Rice__Bacterial_leaf_blight": {
        "precision": 0.9857142857142858,
        "recall": 0.971830985915493,
        "f1-score": 0.9787234042553191,
        "support": 71.0
    },
    "Rice__Brown_spot": {
        "precision": 0.7083333333333334,
        "recall": 0.7657657657657657,
        "f1-score": 0.7359307359307359,
        "support": 111.0
    },
    "Rice__Healthy": {
        "precision": 0.8865979381443299,
        "recall": 0.9662921348314607,
        "f1-score": 0.9247311827956989,
        "support": 89.0
    },
    "Rice__Leaf_blast": {
        "precision": 0.7407407407407407,
        "recall": 0.6185567010309279,
        "f1-score": 0.6741573033707865,
        "support": 97.0
    },
    "Tomato__Healthy": {
        "precision": 0.7954545454545454,
        "recall": 0.8433734939759037,
        "f1-score": 0.8187134502923976,
        "support": 83.0
    },
    "Tomato__Septoria_leaf_spot": {
        "precision": 0.5180722891566265,
        "recall": 0.35537190082644626,
        "f1-score": 0.4215686274509804,
        "support": 121.0
    },
    "Tomato__Verticulium_wilt": {
        "precision": 0.6419753086419753,
        "recall": 0.8188976377952756,
        "f1-score": 0.7197231833910035,
        "support": 127.0
    },
    "accuracy": 0.7175106772422208,
    "macro avg": {
        "precision": 0.7167580984055704,
        "recall": 0.7189137358539743,
        "f1-score": 0.713456365271766,
        "support": 1639.0
    },
    "weighted avg": {
        "precision": 0.7187842239049779,
        "recall": 0.7175106772422208,
        "f1-score": 0.7136148613196331,
        "support": 1639.0
    }
}