{
    "Cashew__Healthy": {
        "precision": 0.975,
        "recall": 0.9285714285714286,
        "f1-score": 0.9512195121951219,
        "support": 126.0
    },
    "Cashew__Leaf_miner": {
        "precision": 0.9,
        "recall": 0.984375,
        "f1-score": 0.9402985074626866,
        "support": 128.0
    },
    "Cashew__Red_rust": {
        "precision": 1.0,
        "recall": 0.9732142857142857,
        "f1-score": 0.9864253393665159,
        "support": 112.0
    },
    "Corn__Maize_healthy": {
        "precision": 0.9775280898876404,
        "recall": 0.9560439560439561,
        "f1-score": 0.9666666666666667,
        "support": 91.0
    },
    "Corn__Maize_leaf_blight": {
        "precision": 0.9384615384615385,
        "recall": 0.7349397590361446,
        "f1-score": 0.8243243243243243,
        "support": 83.0
    },
    "Corn__Maize_streak_virus": {
        "precision": 0.76,
        "recall": 0.95,
        "f1-score": 0.8444444444444444,
        "support": 80.0
    },
    "Potato__Fungi": {
        "precision": 0.7976190476190477,
        "recall": 0.7976190476190477,
        "f1-score": 0.7976190476190477,
        "support": 84.0
    },
    "Potato__Healthy": {
        "precision": 0.813953488372093,
        "recall": 0.9210526315789473,
        "f1-score": 0.8641975308641975,
        "support": 76.0
    },
    "Potato__Nematode": {
        "precision": 0.9925373134328358,
        "recall": 0.9300699300699301,
        "f1-score": 0.9602888086642599,
        "support": 143.0
    },
    "Rice__Bacterial_leaf_blight": {
        "precision": 0.9333333333333333,
        "recall": 0.9882352941176471,
        "f1-score": 0.96,
        "support": 85.0
    },
    "Rice__Brown_spot": {
        "precision": 0.8115942028985508,
        "recall": 0.5773195876288659,
        "f1-score": 0.6746987951807228,
        "support": 97.0
    },
    "Rice__Healthy": {
        "precision": 0.7628865979381443,
        "recall": 0.925,
        "f1-score": 0.8361581920903954,
        "support": 80.0
    },
    "Rice__Leaf_blast": {
        "precision": 0.6764705882352942,
        "recall": 0.71875,
        "f1-score": 0.696969696969697,
        "support": 96.0
    },
    "Tomato__Healthy": {
        "precision": 0.87,
        "recall": 0.9157894736842105,
        "f1-score": 0.8923076923076924,
        "support": 95.0
    },
    "Tomato__Septoria_leaf_spot": {
        "precision": 0.7816091954022989,
        "recall": 0.4755244755244755,
        "f1-score": 0.591304347826087,
        "support": 143.0
    },
    "Tomato__Verticulium_wilt": {
        "precision": 0.6347305389221557,
        "recall": 0.8833333333333333,
        "f1-score": 0.7386759581881533,
        "support": 120.0
    },
    "accuracy": 0.848078096400244,
    "macro avg": {
        "precision": 0.8516077459064333,
        "recall": 0.8537398876826421,
        "f1-score": 0.8453499290106258,
        "support": 1639.0
    },
    "weighted avg": {
        "precision": 0.8560759729973018,
        "recall": 0.848078096400244,
        "f1-score": 0.8440801437013182,
        "support": 1639.0
    }
}