{
    "Cashew__Healthy": {
        "precision": 1.0,
        "recall": 1.0,
        "f1-score": 1.0,
        "support": 113.0
    },
    "Cashew__Leaf_miner": {
        "precision": 1.0,
        "recall": 0.990990990990991,
        "f1-score": 0.995475113122172,
        "support": 111.0
    },
    "Cashew__Red_rust": {
        "precision": 0.9912280701754386,
        "recall": 1.0,
        "f1-score": 0.9955947136563876,
        "support": 113.0
    },
    "Corn__Healthy": {
        "precision": 0.9901960784313726,
        "recall": 1.0,
        "f1-score": 0.9950738916256158,
        "support": 101.0
    },
    "Corn__Leaf_blight": {
        "precision": 1.0,
        "recall": 0.98989898989899,
        "f1-score": 0.9949238578680203,
        "support": 99.0
    },
    "Corn__Streak_virus": {
        "precision": 0.9875,
        "recall": 0.9875,
        "f1-score": 0.9875,
        "support": 80.0
    },
    "Potato__Fungi": {
        "precision": 1.0,
        "recall": 1.0,
        "f1-score": 1.0,
        "support": 78.0
    },
    "Potato__Healthy": {
        "precision": 1.0,
        "recall": 1.0,
        "f1-score": 1.0,
        "support": 80.0
    },
    "Potato__Nematode": {
        "precision": 1.0,
        "recall": 1.0,
        "f1-score": 1.0,
        "support": 127.0
    },
    "Rice__Bacterial_leaf_blight": {
        "precision": 1.0,
        "recall": 1.0,
        "f1-score": 1.0,
        "support": 80.0
    },
    "Rice__Brown_spot": {
        "precision": 0.9803921568627451,
        "recall": 0.9900990099009901,
        "f1-score": 0.9852216748768473,
        "support": 101.0
    },
    "Rice__Healthy": {
        "precision": 1.0,
        "recall": 0.989247311827957,
        "f1-score": 0.9945945945945946,
        "support": 93.0
    },
    "Rice__Leaf_blast": {
        "precision": 0.989010989010989,
        "recall": 0.989010989010989,
        "f1-score": 0.989010989010989,
        "support": 91.0
    },
    "Tomato__Healthy": {
        "precision": 0.96875,
        "recall": 1.0,
        "f1-score": 0.9841269841269841,
        "support": 93.0
    },
    "Tomato__Septoria_leaf_spot": {
        "precision": 1.0,
        "recall": 0.9513888888888888,
        "f1-score": 0.9750889679715302,
        "support": 144.0
    },
    "Tomato__Verticulium_wilt": {
        "precision": 0.9712230215827338,
        "recall": 1.0,
        "f1-score": 0.9854014598540146,
        "support": 135.0
    },
    "accuracy": 0.9920683343502136,
    "macro avg": {
        "precision": 0.9923937697539549,
        "recall": 0.9930085112824254,
        "f1-score": 0.9926257654191972,
        "support": 1639.0
    },
    "weighted avg": {
        "precision": 0.9922190613838923,
        "recall": 0.9920683343502136,
        "f1-score": 0.9920502560309424,
        "support": 1639.0
    }
}